{
    "questions" : 
    [
        {
            "q":"Who is the prime minister of india",
            "a":"Narendra Modi",
            "b":"Man Mohan Sing",
            "c":"Indira Ghandi",
            "d":"Rahul Ghandi",
            "r":"a",
            "u":"0"
        },
        {
            "q":"Who is president of india",
            "a":"APJ Abdul Kalam",
            "b":"Man Mohan Sing",
            "c":"Indira Ghandi",
            "d":"Ramnath Kovind",
            "r":"d",
            "u":"0"
        },
        {
            "q":"Who is the prime minister of india",
            "a":"Narendra Modi",
            "b":"Man Mohan Sing",
            "c":"Indira Ghandi",
            "d":"Rahul Ghandi",
            "r":"a",
            "u":"0"
        },
        {
            "q":"Who is president of india",
            "a":"APJ Abdul Kalam",
            "b":"Man Mohan Sing",
            "c":"Indira Ghandi",
            "d":"Ramnath Kovind",
            "r":"d",
            "u":"0"
        },
        {
            "q":"Who is the prime minister of india",
            "a":"Narendra Modi",
            "b":"Man Mohan Sing",
            "c":"Indira Ghandi",
            "d":"Rahul Ghandi",
            "r":"a",
            "u":"0"
        },
        {
            "q":"Who is president of india",
            "a":"APJ Abdul Kalam",
            "b":"Man Mohan Sing",
            "c":"Indira Ghandi",
            "d":"Ramnath Kovind",
            "r":"d",
            "u":"0"
        },
        {
            "q":"Who is the prime minister of india",
            "a":"Narendra Modi",
            "b":"Man Mohan Sing",
            "c":"Indira Ghandi",
            "d":"Rahul Ghandi",
            "r":"a",
            "u":"0"
        },
        {
            "q":"Who is president of india",
            "a":"APJ Abdul Kalam",
            "b":"Man Mohan Sing",
            "c":"Indira Ghandi",
            "d":"Ramnath Kovind",
            "r":"d",
            "u":"0"
        }
    ]
}