{"IcoMoonType":"selection","icons":[{"icon":{"paths":["M896 384v-128h-160.128l32-256h-128l-32 256h-255.936l32-256h-128l-32 256h-223.936v128h207.936l-31.936 256h-176v128h160l-32 256h128l32-256h255.936l-32 256h128.064l32-256h224v-128h-208l31.872-256h176.128zM559.936 640h-255.936l31.936-256h255.936l-31.936 256z"],"attrs":[{}],"width":896,"isMulticolor":false,"isMulticolor2":false,"tags":["hash","number"],"grid":16},"attrs":[{}],"properties":{"order":1,"id":0,"name":"hash","prevSize":24,"code":59653},"setIdx":0,"setId":2,"iconIdx":0},{"icon":{"paths":["M832 192v-128h-640v128h-192v128c0 106.038 85.958 192 192 192 20.076 0 39.43-3.086 57.62-8.802 46.174 66.008 116.608 113.796 198.38 130.396v198.406h-64c-70.694 0-128 57.306-128 128h512c0-70.694-57.306-128-128-128h-64v-198.406c81.772-16.6 152.206-64.386 198.38-130.396 18.19 5.716 37.544 8.802 57.62 8.802 106.042 0 192-85.962 192-192v-128h-192zM192 436c-63.962 0-116-52.038-116-116v-64h116v64c0 40.186 7.43 78.632 20.954 114.068-6.802 1.246-13.798 1.932-20.954 1.932zM948 320c0 63.962-52.038 116-116 116-7.156 0-14.152-0.686-20.954-1.932 13.524-35.436 20.954-73.882 20.954-114.068v-64h116v64z"],"attrs":[{}],"isMulticolor":false,"isMulticolor2":false,"tags":["trophy","cup","prize","award","winner","tournament"],"grid":16},"attrs":[{}],"properties":{"order":1,"id":2,"name":"cup","prevSize":24,"code":59650},"setIdx":2,"setId":0,"iconIdx":0},{"icon":{"paths":["M621.254 877.254l320-320c24.994-24.992 24.994-65.516 0-90.51l-320-320c-24.994-24.992-65.516-24.992-90.51 0-24.994 24.994-24.994 65.516 0 90.51l210.746 210.746h-613.49c-35.346 0-64 28.654-64 64s28.654 64 64 64h613.49l-210.746 210.746c-12.496 12.496-18.744 28.876-18.744 45.254s6.248 32.758 18.744 45.254c24.994 24.994 65.516 24.994 90.51 0z"],"attrs":[{}],"isMulticolor":false,"isMulticolor2":false,"tags":["arrow-right","right","next"],"grid":16},"attrs":[{}],"properties":{"order":1,"id":1,"name":"next","prevSize":24,"code":59651},"setIdx":2,"setId":0,"iconIdx":1},{"icon":{"paths":["M402.746 877.254l-320-320c-24.994-24.992-24.994-65.516 0-90.51l320-320c24.994-24.992 65.516-24.992 90.51 0 24.994 24.994 24.994 65.516 0 90.51l-210.746 210.746h613.49c35.346 0 64 28.654 64 64s-28.654 64-64 64h-613.49l210.746 210.746c12.496 12.496 18.744 28.876 18.744 45.254s-6.248 32.758-18.744 45.254c-24.994 24.994-65.516 24.994-90.51 0z"],"attrs":[{}],"isMulticolor":false,"isMulticolor2":false,"tags":["arrow-left","left","previous"],"grid":16},"attrs":[{}],"properties":{"order":1,"id":0,"name":"prev","prevSize":24,"code":59652},"setIdx":2,"setId":0,"iconIdx":2},{"icon":{"paths":["M726 666l-154-154 154-154-60-60-154 154-154-154-60 60 154 154-154 154 60 60 154-154 154 154zM512 86q176 0 301 125t125 301-125 301-301 125-301-125-125-301 125-301 301-125z"],"attrs":[{}],"isMulticolor":false,"isMulticolor2":false,"tags":["cancel"],"grid":24},"attrs":[{}],"properties":{"order":1,"id":1,"name":"wrong","prevSize":24,"code":59648},"setIdx":1,"setId":1,"iconIdx":0},{"icon":{"paths":["M426 726l384-384-60-62-324 324-152-152-60 60zM512 86q176 0 301 125t125 301-125 301-301 125-301-125-125-301 125-301 301-125z"],"attrs":[{}],"isMulticolor":false,"isMulticolor2":false,"tags":["check_circle"],"grid":24},"attrs":[{}],"properties":{"order":1,"id":0,"name":"correct","prevSize":24,"code":59649},"setIdx":1,"setId":1,"iconIdx":1}],"height":1024,"metadata":{"name":"quiz-icons"},"preferences":{"showGlyphs":true,"showQuickUse":true,"showQuickUse2":true,"showSVGs":true,"fontPref":{"prefix":"ic-","metadata":{"fontFamily":"quiz-icons","majorVersion":1,"minorVersion":0},"metrics":{"emSize":1024,"baseline":6.25,"whitespace":50},"embed":false,"noie8":true,"ie7":false,"showSelector":true,"selector":"class","classSelector":".ic","showMetrics":true,"showMetadata":true,"showVersion":true,"includeMetadata":false},"imagePref":{"prefix":"icon-","png":true,"useClassSelector":true,"color":0,"bgColor":16777215,"classSelector":".icon"},"historySize":50,"showCodes":false,"gridSize":16,"showLiga":true}}